path,id,Annotation
Realism/camille-corot_crecy-en-brie-road-in-the-country.jpg,56808,1
Impressionism/camille-pissarro_autumn-poplars-1893.jpg,27800,1
Impressionism/georges-seurat_riverman-1884.jpg,32160,0
Impressionism/micaela-eleutheriade_pe-str-zile-parisului.jpg,35549,1
Realism/georgios-jakobides_reversal-of-roles-1892.jpg,58014,0
Post_Impressionism/stefan-luchian_green-coat.jpg,54299,0
Realism/camille-corot_the-forest-of-coubron-1872.jpg,57041,1
Post_Impressionism/gustave-loiseau_fecamp-gray-weather-1920.jpg,50552,1
Baroque/le-nain-brothers_portrait-in-an-interior.jpg,10119,0
Romanticism/sir-lawrence-alma-tadema_vain-courtship-1900.jpg,74604,0
Impressionism/edouard-manet_autumn-study-of-mery-laurent-1882.jpg,31200,0
Color_Field_Painting/richard-diebenkorn_ocean-park-no-32.jpg,12906,1
Symbolism/konstantin-somov_on-the-balcony.jpg,77024,0
Abstract_Expressionism/vasile-dobrian_germination.jpg,2561,1
New_Realism/william-james-glackens_the-drive-central-park-1905.jpg,44672,0
Naive_Art_Primitivism/david-burliuk_a-hearty-supper(1).jpg,42128,0
Realism/klavdy-lebedev_tzar-ivan-the-terrible-asks-abbot-cornelius-to-mow-him-to-the-monks.jpg,61741,0
Expressionism/lynd-ward_not-detected-272468.jpg,21012,1
Symbolism/odilon-redon_two-women-under-a-red-tree.jpg,79549,0
Fauvism/maurice-de-vlaminck_at-the-bar.jpg,24627,0
Symbolism/nicholas-roerich_mongolia-chakhar-hills-1936.jpg,78622,1
Art_Nouveau_Modern/leon-bakst_the-supper-1902.jpg,5610,0
Impressionism/camille-pissarro_spring-gray-weather-eragny-1895.jpg,28217,1
Cubism/franz-marc_caliban-from-shakespeare-s-the-tempest-1914(1).jpg,14164,0
Impressionism/willard-metcalf_maytime.jpg,38763,1
Romanticism/john-collier_lilith-with-a-snake-1886.jpg,72503,0
Realism/vasily-surikov_portrait-of-mother-1894.jpg,64616,0
Impressionism/valentin-serov_pond-in-abramtsevo-1886.jpg,38497,1
Northern_Renaissance/lucas-cranach-the-elder_the-last-supper-1547.jpg,46852,0
Ukiyo_e/utagawa-kunisada-ii_prince-genji.jpg,80968,0
Romanticism/karl-bryullov_portrait-of-f-d-gverazzi-1830.jpg,73220,0
Romanticism/george-frederick-watts_ellen-terry-at-the-piano(1).jpg,70517,0
Impressionism/alfred-sisley_loing-dam-at-saint-mammes-1885.jpg,26583,1
Impressionism/claude-monet_grainstack-at-sunset.jpg,29377,1
Realism/viktor-vasnetsov_moving-house-1876.jpg,65031,0
Post_Impressionism/pyotr-konchalovsky_a-pond-1920-1.jpg,53690,1
Romanticism/karl-bodmer_buffalo-dance-of-the-mandan-indians-in-front-of-their-medicine-lodge-in-mih-tutta-hankush-plate-1843.jpg,73050,1
Impressionism/asgrimur-jonsson_thj-rs-river-mt-hekla-in-the-evening-sun-1918.jpg,27350,1
Baroque/annibale-carracci_portrait-of-annibale-carracci.jpg,7695,0
Impressionism/claude-monet_the-seine-at-port-villes-clear-weather.jpg,30086,1
Impressionism/childe-hassam_in-the-garden-1889-1.jpg,28781,0
Impressionism/theodor-aman_looking-in-an-album.jpg,38386,0
Impressionism/paul-gauguin_working-the-land-1873.jpg,36174,1
Impressionism/andre-dunoyer-de-segonzac_la-brouette-1934.jpg,26932,1
Rococo/claude-lorrain_pastoral-landscape-1677.jpg,66851,1
Post_Impressionism/henri-edmond-cross_lavender.jpg,51036,1
Realism/ivan-shishkin_pine-on-the-cliff-1855.jpg,60338,1
Realism/ivan-shishkin_river-floods-such-as-seas-1890.jpg,60363,1
Northern_Renaissance/lucas-cranach-the-elder_the-martyrdom-of-st-catherine-1506.jpg,46855,0
Expressionism/chaim-soutine_woman-in-profile-portrait-of-madame-tennent.jpg,18272,0
Impressionism/childe-hassam_norman-s-woe-gloucester-massachusetts.jpg,28876,1
Impressionism/claude-monet_the-seine-at-port-villez-1.jpg,30087,1
Art_Nouveau_Modern/nicholas-roerich_forest-1912-1.jpg,5840,1
Realism/vincent-van-gogh_peasant-woman-stooping-and-gleaning-1885.jpg,65559,0
Cubism/olexandr-archipenko_collage-no-2.jpg,15118,0
Realism/jean-francois-millet_priory-at-vauville-normandy.jpg,60937,1
Mannerism_Late_Renaissance/titian_philip-ii-offering-don-fernando-to-victory.jpg,40563,0
Post_Impressionism/paul-cezanne_old-woman-with-a-rosary-1896.jpg,53062,0
Realism/nicholas-roerich_near-mount-sobachya-in-sosnitsy-1893.jpg,62399,1
Realism/gustave-courbet_le-chateau-de-thoraise-1865.jpg,58251,1
Realism/vasily-polenov_at-the-foot-of-mount-hermon-1882.jpg,64248,1
Impressionism/william-merritt-chase_portrait-of-fra-dana.jpg,39047,0
Realism/vasily-perov_the-arrival-of-rural-teachers.jpg,64213,0
Realism/isaac-levitan_overgrown-pond.jpg,59657,1
Romanticism/pierre-paul-prud'hon_study-for-the-soul-breaking-the-bonds-that-attach-to-the-land.jpg,74257,0
Impressionism/asgrimur-jonsson_thj-rs-river-mt-hekla-in-the-evening-sun-1918.jpg,27350,1
Impressionism/giovanni-boldini_haystack.jpg,32199,1
Romanticism/orest-kiprensky_portrait-of-a-man-2.jpg,73875,0
Realism/vladimir-makovsky_tete-a-tete-1909.jpg,66045,0
Symbolism/fernand-khnopff_st-phane-mallarm-s-poetry-listening-to-flowers-1895.jpg,75967,0
Symbolism/edward-burne-jones_nymphs-of-the-stars-1896.jpg,75758,0
Post_Impressionism/adam-baltatu_village-boundary.jpg,49287,1
Impressionism/edgar-degas_portrait-of-giulia-bellelli-sketch-1860.jpg,30895,0
Contemporary_Realism/eric-fischl_barbecue.jpg,13195,0
Romanticism/francisco-goya_self-portrait-1815-1.jpg,70191,0
Romanticism/gustave-dore_don-quixote-s-moralising-on-ingratitude.jpg,70917,0
Impressionism/claude-monet_weeping-willow.jpg,30394,1
Impressionism/winston-churchill_mimizan(1).jpg,39264,1
Impressionism/ivan-grohar_povodne-vile-1899.jpg,33217,1
Expressionism/jose-gutierrez-solana_sailor-with-basket.jpg,20444,0
Realism/johan-hendrik-weissenbruch_autumn-landscape.jpg,61014,1
Realism/vasily-polenov_palestine-study.jpg,64358,1
Expressionism/max-pechstein_sunset-over-the-blue-bridge-1922.jpg,21846,1
Expressionism/george-segal_white-rain-1978.jpg,19598,0
Romanticism/john-everett-millais_ophelia.jpg,72717,1
Realism/ivan-shishkin_forest-1893.jpg,60108,1
Rococo/benjamin-west_the-indians-giving-a-talk-to-colonel-bouquet-in-a-conference-at-a-council-fire-near-his-camp-on.jpg,66657,0
Cubism/pablo-picasso_musicians-with-masks-1921-1.jpg,15320,0
Naive_Art_Primitivism/niko-pirosmani_fawn.jpg,43924,0
Ukiyo_e/katsushika-hokusai_head-of-an-old-man.jpg,80478,0
Expressionism/oskar-kokoschka_dent-du-midi.jpg,22072,1
Realism/boris-kustodiev_the-boy-at-the-fence-1915.jpg,56715,0
Expressionism/vasile-kazar_illustration-for-catul-s-poems-1969.jpg,23545,0
Impressionism/eugene-boudin_rouen-the-santa-catherine-coast-morning-mist-1895.jpg,31673,1
Fauvism/georges-braque_landscape-of-estaque-1907.jpg,24268,1
Expressionism/albert-bloch_reclining-figure.jpg,17355,0
Fauvism/konstantinos-parthenis_pine-trees-on-kerkyra-1917.jpg,24526,1
Romanticism/n.c.-wyeth_the-passing-of-robin-hood.jpg,73769,0
Impressionism/pierre-auguste-renoir_head-of-a-woman-1913.jpg,36715,0
Art_Nouveau_Modern/mikhail-vrubel_fist-fighter-costume-design-for-the-opera-the-enchantress-1900.jpg,5672,0
Impressionism/camille-pissarro_road-to-saint-germain-louveciennes-1871.jpg,28173,1
Early_Renaissance/andrea-mantegna_saint-bernardine-of-siena-1450.jpg,15982,0
Impressionism/john-henry-twachtman_back-of-coney-island.jpg,33774,1
Impressionism/willard-metcalf_late-afternoon-in-october.jpg,38758,1
Realism/henri-fantin-latour_duchess-de-fitz-james-1867.jpg,58517,0
Fauvism/janos-mattis-teutsch_green-and-yellow-landscape-1910.jpg,24422,1
Impressionism/childe-hassam_isles-of-shoals-garden-appledore.jpg,28802,1
Expressionism/george-mavroides_on-a-couch.jpg,19577,0
Post_Impressionism/pyotr-konchalovsky_self-portrait-with-a-razor-1926.jpg,53945,0
Romanticism/william-turner_the-lake-of-thun-switzerland.jpg,75489,1
Impressionism/asgrimur-jonsson_scene-from-flj-tsdalsh-ra-in-east-iceland-1951.jpg,27345,1
Symbolism/odilon-redon_profile-in-an-arch-1905.jpg,79429,0
Art_Nouveau_Modern/sergey-solomko_bacchus.jpg,6917,0
Post_Impressionism/kazimir-malevich_portrait-of-woman-in-yellow-hat-1930.jpg,51618,0
Expressionism/m.c.-escher_frog.jpg,21133,1
Expressionism/salvador-dali_domestic-scen.jpg,23069,0
Post_Impressionism/vincent-van-gogh_the-woodcutter-after-millet-1890.jpg,55376,0
Pointillism/theo-van-rysselberghe_midi-landscape.jpg,47700,1
Ukiyo_e/kitagawa-utamaro_woman-and-child-1803.jpg,80859,0
Romanticism/jan-matejko_leszek-i-the-white-1.jpg,72212,0
Baroque/peter-paul-rubens_raising-of-the-cross-sts-eligius-and-catherine.jpg,10441,0
Romanticism/jan-matejko_augustus-iii-of-poland.jpg,72114,0
Symbolism/kuzma-petrov-vodkin_sketch-makeup-fool-to-the-tragedy-of-alexander-pushkin-boris-godunov-1923.jpg,77330,0
Early_Renaissance/sandro-botticelli_the-outcast(1).jpg,17250,0
Impressionism/pierre-auguste-renoir_young-girl-with-daisies-1889.jpg,37664,0
Expressionism/ion-tuculescu_landscape-with-tree.jpg,20124,1
Realism/isaac-levitan_self-portrait.jpg,59696,0
Pop_Art/andy-warhol_self-portrait-1.jpg,47992,0
Impressionism/edmund-charles-tarbell_amethyst.jpg,31170,0
Impressionism/theo-van-rysselberghe_standing-nude-1919.jpg,38378,0
Post_Impressionism/pierre-bonnard_the-cote-d-azur.jpg,53614,1
Post_Impressionism/le-pho_three-ladies-in-a-garden.jpg,51724,0
Art_Nouveau_Modern/nicholas-roerich_saint-boris-and-saint-gleb.jpg,6044,0
Color_Field_Painting/paul-feeley_rouso-1963.jpg,12770,1
Impressionism/gustave-caillebotte_landscape-with-haystacks.jpg,32489,1
Symbolism/arnold-bã¶cklin_lament-of-the-shepherd-1866.jpg,75640,0
Romanticism/orest-kiprensky_portrait-of-dmitry-nikolaevich-filosofov-1826.jpg,73917,0
Abstract_Expressionism/salvador-dali_quis-ascendet-in-mentem-domini-1967.jpg,2170,0
Impressionism/william-merritt-chase_the-moorish-warrior-1876.jpg,39184,0
Expressionism/ernst-ludwig-kirchner_self-portrait-with-model-1.jpg,19176,0
Post_Impressionism/ferdynand-ruszczyc_brzeg-morza-i-skaly.jpg,50276,1
Romanticism/ford-madox-brown_stages-of-cruelty-1890.jpg,69885,0
Realism/edouard-manet_study-of-trees-1859.jpg,57577,1
Expressionism/salvador-dali_don-salvador-and-ana-maria-dali.jpg,23070,0
Ukiyo_e/utagawa-kunisada_not_detected_240349.jpg,81011,0
Baroque/peter-paul-rubens_rubens-and-helene-fourment-in-the-garden.jpg,10446,0
Fauvism/henri-matisse_landscape-1904.jpg,24299,1
Romanticism/eugene-delacroix_chopin(1).jpg,69683,0
Early_Renaissance/filippo-lippi_adoration-of-the-magi-detail-3.jpg,16466,0
Realism/thomas-eakins_chronophotography-1885.jpg,63656,0
Impressionism/camille-pissarro_the-harvest-1883.jpg,28327,1
Expressionism/august-macke_landscape-on-the-teggernsee-with-a-reading-man.jpg,17933,1
Expressionism/egon-schiele_self-portrait-nude-1910.jpg,18796,0
Romanticism/francesco-hayez_self-portrait-1878.jpg,69960,0
Romanticism/ford-madox-brown_the-establishment-of-the-flemish-weavers-in-manchester-in-1363-1888.jpg,69890,0
Realism/ferdinand-hodler_on-the-banks-of-the-manzanares-1878.jpg,57761,1
Post_Impressionism/david-burliuk_ogasawara.jpg,49825,1
Fauvism/pyotr-konchalovsky_self-portrait-1912.jpg,24786,0
Symbolism/ferdinand-hodler_left-border-warriors.jpg,75903,0
Realism/james-mcneill-whistler_the-coast-of-brittany-aka-alone-with-the-tide.jpg,60594,1
Expressionism/william-h.-johnson_portrait-of-fletcher-1939(1).jpg,23725,0
Realism/edouard-manet_the-philosopher-1867.jpg,57603,0
Art_Nouveau_Modern/raphael-kirchner_figures-on-turquoise-background-1901-2.jpg,6456,0
Ukiyo_e/utagawa-kuniyoshi_the-female-demond-1.jpg,81283,0
Impressionism/giovanni-fattori_strasse-am-ufer-des-meeres-1895.jpg,32329,1
Naive_Art_Primitivism/henri-rousseau_jaguar-attacking-a-horse-1910.jpg,42689,1
Naive_Art_Primitivism/natalia-goncharova_woodcutters.jpg,43861,0
Impressionism/walter-sickert_queen-victoria-and-her-great-grandson.jpg,38683,0
Post_Impressionism/pyotr-konchalovsky_girl-from-arles-1908.jpg,53784,0
Realism/ilya-repin_portrait-of-l-n-yakovleva-1888.jpg,59062,0
Impressionism/claude-monet_banks-of-the-seine-at-lavacourt.jpg,29173,1
Northern_Renaissance/lucas-cranach-the-elder_young-mother-with-child.jpg,46889,0
Northern_Renaissance/martin-schongauer_a-foolish-virgin.jpg,46948,0
Realism/winslow-homer_blackboard.jpg,66307,0
Romanticism/caspar-david-friedrich_morning-in-the-sudeten-mountains.jpg,69013,1
Cubism/paul-cezanne_mont-sainte-victoire-seen-from-les-lauves-1905.jpg,15460,1
Art_Nouveau_Modern/anna-ostroumova-lebedeva_pine-tree-1902.jpg,3289,1
Impressionism/william-merritt-chase_at-shinnecock-hills.jpg,38923,1
Expressionism/balthus_joan-miro-and-his-daughter-dolores-1937.jpg,18009,0
Romanticism/karl-bryullov_portrait-of-the-archeologist-michelangelo-lanci.jpg,73255,0
Post_Impressionism/ding-yanyong_portrait-of-a-lady-1940.jpg,49886,0
Art_Nouveau_Modern/nicholas-roerich_hearth-1902.jpg,5862,0
Art_Nouveau_Modern/anna-ostroumova-lebedeva_in-the-park-1902.jpg,3263,1
Impressionism/eugene-boudin_princess-pauline-metternich-on-the-beach.jpg,31659,0
Fauvism/marcel-duchamp_chauvel-1910.jpg,24555,0
Realism/aleksey-savrasov_landscape-with-marsh-and-wooded-islands.jpg,55822,1
Post_Impressionism/david-burliuk_summer-forest-1906.jpg,49860,1
Impressionism/claude-monet_the-fonds-at-varengeville.jpg,29894,1
Expressionism/oskar-kokoschka_bride-of-the-wind-1914.jpg,22069,0
Expressionism/martiros-saryan_hyenas-1909.jpg,21519,0
Impressionism/arkhip-kuindzhi_flower-garden-caucasus-1908.jpg,27183,1
Impressionism/georges-seurat_the-hollow-way-1882.jpg,32169,1
Realism/isaac-levitan_spring-in-crimea-1900.jpg,59707,1
Romanticism/alexander-orlowski_peasant-in-a-cart-1812.jpg,68636,0
Post_Impressionism/vincent-van-gogh_wheat-fields-1890.jpg,55509,1
Impressionism/adam-baltatu_summer-landscape-1.jpg,26366,1
Baroque/adriaen-brouwer_the-bitter-drunk.jpg,7352,0
Art_Nouveau_Modern/leon-bakst_portrait-of-jean-cocteau.jpg,5576,0
Impressionism/claude-monet_open-sea.jpg,29557,1
Expressionism/margareta-sterian_suite.jpg,21340,0
Northern_Renaissance/albrecht-durer_portrait-of-the-artist-s-mother-1514.jpg,45260,0
Pointillism/jean-metzinger_paysage-1904.jpg,47556,1
Romanticism/william-shayer_the-smith-brothers-of-chichester.jpg,75297,0
Impressionism/claude-monet_white-frost.jpg,30400,1
Realism/james-mcneill-whistler_arrangement-in-black-the-lady-in-the-yellow-buskin.jpg,60550,0
Post_Impressionism/constantine-maleas_maleas-konstantinos-kammeni-santorinis(1).jpg,49717,1
Impressionism/robert-julian-onderdonk_golden-evening-southwest-texas.jpg,37858,1
Baroque/cornelis-de-vos_diogenes-searches-for-a-man.jpg,8356,0
Impressionism/james-mcneill-whistler_portrait-of-ellen-sturgis-hooper.jpg,33293,0
Mannerism_Late_Renaissance/tintoretto_joseph-and-potiphar-s-wife.jpg,40357,0
Impressionism/robert-julian-onderdonk_sunlight-after-rain-1921.jpg,37914,1
Realism/isaac-levitan_windy-day.jpg,59794,1
Romanticism/gustave-dore_idylls-of-the-king-15.jpg,70983,1
Baroque/rembrandt_portrait-of-a-seated-man.jpg,11051,0
Impressionism/gustave-caillebotte_the-pontoon-at-argenteuil-1887.jpg,32605,1
Baroque/william-hogarth_the-bruiser-charles-churchill-once-the-reverend-in-the-character-of-a-russian-hercules-1763.jpg,11542,0
Symbolism/nicholas-roerich_holy-lake-1917.jpg,78407,1
Impressionism/claude-monet_woman-sitting-under-the-willows.jpg,30423,1
Expressionism/edvard-munch_vampire-1895.jpg,18661,0
Impressionism/giovanni-fattori_self-portrait-1854.jpg,32325,0
Post_Impressionism/pablo-picasso_acrobat-and-young-harlequin-1905.jpg,52757,0
Impressionism/mihaly-munkacsy_dusty-country-road-ii-1883.jpg,35559,1
Post_Impressionism/gustave-loiseau_in-the-mountains.jpg,50581,1
Art_Nouveau_Modern/zinaida-serebriakova_portrait-of-a-nurse-1907.jpg,7284,0
Expressionism/henri-matisse_figure-in-scutari-carpet-1922(1).jpg,19808,0
Naive_Art_Primitivism/kateryna-bilokur_early-spring-1958.jpg,42890,1
Impressionism/camille-pissarro_the-forest-1870.jpg,28316,1
Realism/anders-zorn_joseph-ernest-renan-1892.jpg,56103,0
Post_Impressionism/salvador-dali_the-patio-of-port-lligat.jpg,54240,1
Symbolism/konstantin-somov_book-of-the-marquise-illustration-6.jpg,76920,0
Impressionism/maxime-maufra_flood-1889.jpg,35499,1
Realism/henry-herbert-la-thangue_gathering-wool.jpg,58729,0
Baroque/pieter-de-hooch_courtyard-of-a-house-in-delft-1658.jpg,10621,0
Realism/arkhip-kuindzhi_elbrus-in-the-evening-1.jpg,56240,1
High_Renaissance/andrea-del-sarto_self-portrait.jpg,24985,0
Impressionism/alfred-sisley_the-seine-at-saint-mammes-1888.jpg,26816,1
Post_Impressionism/paul-cezanne_the-abandoned-house-1879.jpg,53170,1
Expressionism/natalia-goncharova_round-dance.jpg,21969,0
Symbolism/konstantin-somov_in-love-with-harlequin.jpg,76977,0
Symbolism/konstantin-somov_white-night-sergievo.jpg,77096,1
Pop_Art/patrick-procktor_sick-child-1984.jpg,48761,0
Ukiyo_e/hiroshige_whirlpools-on-a-rocky-coast.jpg,80361,1
Impressionism/claude-monet_coming-into-port-goulphar-belle-ile.jpg,29294,1
Symbolism/konstantin-bogaevsky_italian-landscape-1911.jpg,76838,1
Cubism/ernst-ludwig-kirchner_two-seated-woman-and-a-striding-man.jpg,14010,0
Impressionism/alfred-sisley_the-loing-at-moret-1886.jpg,26760,1
Rococo/hubert-robert_the-oval-fountain-in-the-gardens-of-the-villa-d-este-tivoli-1760.jpg,67381,1
Impressionism/gustave-caillebotte_sunflowers-on-the-banks-of-the-seine.jpg,32571,1
Romanticism/henry-raeburn_boy-and-rabbit.jpg,71429,0
Symbolism/nicholas-roerich_brahmaputra-1946.jpg,78068,1
Expressionism/balthus_drawing-room.jpg,17996,0
Expressionism/kathe-kollwitz_not_detected_235989.jpg,20572,0
Contemporary_Realism/eric-fischl_truman-capote-in-hollywod.jpg,13258,0
Expressionism/lucian-freud_girl-with-fuzzy-hair.jpg,20843,0
Early_Renaissance/fra-angelico_presentation-of-jesus-in-the-temple-1442.jpg,16651,0
Post_Impressionism/nicolae-tonitza_ecaterina-tonitza.jpg,52688,0
High_Renaissance/giovanni-bellini_the-feast-of-the-gods-1514.jpg,25281,0
Realism/martiros-saryan_lalvar-1952.jpg,62051,1
Romanticism/john-everett-millais_a-flood.jpg,72696,0
Realism/salvador-dali_portrait-of-mrs-fagen.jpg,63354,0
Cubism/andrã©-lhote_nu-a-sa-toilette-1918.jpg,13820,0
Romanticism/john-william-waterhouse_the-soul-of-the-rose-1908.jpg,72925,0
Baroque/rembrandt_saul-and-david-1660.jpg,11151,0
Impressionism/joaquã­n-sorolla_fountain-of-neptune-la-granja-1907.jpg,33480,1
Impressionism/james-tissot_girl-with-a-fan.jpg,33334,0
Impressionism/claude-monet_orchard-in-bloom.jpg,29558,1
High_Renaissance/michelangelo_rachel-and-leah-1545.jpg,25670,0
Rococo/antoine-watteau_two-seated-women-1717.jpg,66596,0
Expressionism/ernst-ludwig-kirchner_two-seated-woman-and-a-striding-man.jpg,19272,0
Baroque/joseph-wright_portrait-of-mrs-catherine-swindell-1772.jpg,10005,0
Expressionism/wassily-kandinsky_a-mountain-1909.jpg,23654,1
Naive_Art_Primitivism/marc-chagall_two-banks-1980.jpg,43621,0
Impressionism/marianne-north_view-of-both-falls-of-niagara-1871.jpg,34977,1
Impressionism/childe-hassam_golden-afternoon.jpg,28752,1
Symbolism/nicholas-roerich_monastery-tsang-tibet-1936.jpg,78619,1
Realism/ivan-vladimirov_an-episode-from-the-civil-war-the-battle-in-the-village-1920.jpg,60483,1
Romanticism/eugene-delacroix_the-death-of-ophelia-1843(1).jpg,69781,1
Post_Impressionism/jacoba-van-heemskerck_in-the-garden-1909.jpg,51513,1
Realism/frits-thaulow_a-factory-building-near-an-icy-river-in-winter.jpg,57813,1
Realism/valentin-serov_self-portrait-1887-1.jpg,64039,0
Impressionism/edgar-degas_at-the-races-1872.jpg,30615,0
Symbolism/nicholas-roerich_study-to-krishna-1933.jpg,78984,1
Romanticism/konstantin-makovsky_portrait-of-children-stasovy.jpg,73470,0
Realism/volodymyr-orlovsky_a-road-1881.jpg,66077,1
Impressionism/pierre-auguste-renoir_cagnes-landscape-1908.jpg,36505,1
Pointillism/henri-edmond-cross_cypresses.jpg,47433,1
Rococo/pietro-longhi_presentation.jpg,68065,0
Expressionism/balthus_landscape-with-oxen-1942.jpg,18015,1
Impressionism/edgar-degas_sitting-woman-drying-herself.jpg,30961,0
Romanticism/david-wilkie_the-blind-fiddler-illustration-from-lives-of-great-men-told-by-great-men-edited-by-richard.jpg,69396,0
Post_Impressionism/ilya-mashkov_portrait-of-the-artist-s-wife-maria-ivanovna-mashkova-1923.jpg,51294,0
Post_Impressionism/gustave-loiseau_woods-by-the-oise-river-1919.jpg,50738,1
Symbolism/pablo-picasso_ascet-1903.jpg,79583,0
Realism/pyotr-konchalovsky_portrait-of-peter-andreievich-pavlenko-1950.jpg,63115,0
Baroque/cornelis-de-vos_portrait-of-a-girl-at-the-age-of-10.jpg,8361,0
Impressionism/octav-bancila_portretul-de-evreu.jpg,35865,0
Impressionism/camille-pissarro_a-field-in-varengeville-1899.jpg,27766,1
Cubism/ernst-ludwig-kirchner_three-nudes-in-the-forest-3.jpg,14005,0
Impressionism/henry-herbert-la-thangue_a-ligurian-bay.jpg,32908,1
Expressionism/martiros-saryan_alexander-tamanyan-1928.jpg,21422,0
Early_Renaissance/paolo-uccello_miracle-of-the-desecrated-host.jpg,16953,0
Baroque/adriaen-van-de-venne_portrait-of-frederick-hendrick-prince-of-orange-nassau.jpg,7426,0
Impressionism/piet-mondrian_polder-landscape-with-a-train-and-a-small-windmill-on-the-horizon-1907.jpg,37750,1
Naive_Art_Primitivism/andre-derain_golden-age.jpg,42009,1
Post_Impressionism/maxime-maufra_the-castle-gaillard-1903.jpg,52418,1
Impressionism/paul-cezanne_l-estaque-view-through-the-trees-1879.jpg,35952,1
Expressionism/corneliu-baba_maternity.jpg,18376,0
Realism/ivan-shishkin_in-the-forest-thicket.jpg,60212,1
Symbolism/maurice-denis_paradise.jpg,77514,1
Symbolism/alfred-kubin_polar-bear-eisb-r-1902.jpg,75589,1
Realism/thomas-eakins_pushing-for-rail-1874.jpg,63829,1
Impressionism/arkhip-kuindzhi_poplar-trees.jpg,27207,1
Realism/helene-schjerfbeck_a-boy-feeding-his-younger-sister-1881.jpg,58445,0
Impressionism/winston-churchill_racecourse-nice-1921(1).jpg,39274,1
Expressionism/corneliu-baba_portrait(1).jpg,18379,0
Naive_Art_Primitivism/marc-chagall_lilacs-1980.jpg,43272,0
Symbolism/william-blake_the-house-of-death.jpg,80011,0
Impressionism/arkhip-kuindzhi_a-birch-grove-1879-1.jpg,27141,1
Realism/viktor-vasnetsov_russian-proverbs-and-sayings-1867.jpg,65062,0
Romanticism/konstantin-makovsky_the-toilet-of-venus.jpg,73565,0
Symbolism/kuzma-petrov-vodkin_head-of-a-boy-1910.jpg,77232,0
Symbolism/konstantin-bogaevsky_seashore-1907.jpg,76878,1
Rococo/jean-baptiste-oudry_a-hare-and-a-leg-of-lamb-1742.jpg,67388,0
Art_Nouveau_Modern/nicholas-roerich_the-hut-of-dead-1905.jpg,6167,1
Art_Nouveau_Modern/wilhelm-kotarbinski_ibises-feeding.jpg,7171,0
Realism/edouard-manet_portrait-of-monsieur-tillet.jpg,57566,0
Cubism/pyotr-konchalovsky_siena-1912-3.jpg,15566,1
Impressionism/stefan-luchian_car-cu-boi.jpg,38160,1
Symbolism/nicholas-roerich_himalayas-1943-1.jpg,78285,1
Romanticism/fyodor-bronnikov_portrait-of-the-artist-s-wife-1889.jpg,70450,0
Post_Impressionism/vincent-van-gogh_landscape-with-carriage-and-train-1890.jpg,54845,1
Impressionism/childe-hassam_old-mumford-house-easthampton.jpg,28895,1
Art_Nouveau_Modern/raphael-kirchner_girls-with-purple-surrounds-1900.jpg,6558,0
Romanticism/johann-koler_ema-portree-1857.jpg,72378,0
Post_Impressionism/vincent-van-gogh_two-heads-of-men.jpg,55409,0
Impressionism/victor-borisov-musatov_spring-scene.jpg,38641,1
Impressionism/frederic-bazille_saint-saveur.jpg,32030,1
Realism/charles-francois-daubigny_the-banks-of-the-river-1863.jpg,57274,1
Romanticism/franz-xaver-winterhalter_emperor-frederick-iii-of-germany-king-of-prussia-with-his-wife-empress-victoria-and-their.jpg,70392,0
Realism/julius-leblanc-stewart_a-hunt-ball-1885(1).jpg,61652,0
Symbolism/konstantin-somov_repose-at-sunset.jpg,77057,0
Post_Impressionism/lajos-tihanyi_street-in-trencs-n-1912.jpg,51683,1
Romanticism/karl-bryullov_italian-midday(1).jpg,73173,0
Post_Impressionism/paul-cezanne_nude-female-with-attendants-1880.jpg,53060,0
Cubism/pyotr-konchalovsky_sudak-mulberry-1917.jpg,15592,1
Impressionism/mihaly-munkacsy_dusty-country-road-ii-1883.jpg,35559,1
Naive_Art_Primitivism/raoul-dufy_races-with-goodwwood-1930.jpg,44194,1
Symbolism/kuzma-petrov-vodkin_morning-1917.jpg,77260,0
Realism/vasily-perov_in-the-pawnshop-1867.jpg,64114,0
Realism/ivan-shishkin_pines-1895.jpg,60342,1
Expressionism/henri-matisse_still-life-with-gourds.jpg,19930,0
Northern_Renaissance/albrecht-durer_portrait-of-a-windisch-farmer.jpg,45202,0
Rococo/vladimir-borovikovsky_ivan-dunin-1801.jpg,68310,0
Romanticism/ferdinand-georg-waldmã¼ller_rettenbach-wilderness-near-ischl-the-hohenzollern-waterfall-in-jainzental-1832.jpg,69833,1
Abstract_Expressionism/robert-goodnough_kilroy-was-here.jpg,2034,1
Art_Nouveau_Modern/anna-ostroumova-lebedeva_perspective-of-the-constantine-palace-1923.jpg,3281,1
Impressionism/childe-hassam_sunday-morning-appledore.jpg,28994,1
Baroque/rembrandt_seated-female-nude.jpg,11154,0
Realism/ivan-shishkin_bee-families-1882.jpg,59998,1
Realism/aleksey-savrasov_type-of-kiev-from-the-dnieper-to-the-pechersk-lavra-1852.jpg,55936,1
Baroque/frans-hals_portrait-of-willem-croes.jpg,8997,0
Impressionism/guy-rose_october-morning.jpg,32710,1
Impressionism/alfred-sisley_the-loing-canal-1884.jpg,26766,1
Realism/ivan-kramskoy_kramskoi-ivan-mina-moiseev-sun-1882.jpg,59834,0
Expressionism/otto-dix_self-portrait-as-a-target.jpg,22263,0
Baroque/anthony-van-dyck_an-apostle.jpg,7744,0
Ukiyo_e/katsushika-hokusai_umegawa-in-sagami-province.jpg,80637,1
Realism/john-singer-sargent_betty-wertheimer.jpg,61215,0
Baroque/rembrandt_the-blind-fiddler-1631.jpg,11299,0
Rococo/william-hogarth_the-sleeping-church-1729.jpg,68492,0
Realism/ivan-shishkin_the-bark-on-the-dry-trunk-1890.jpg,60410,1
Symbolism/nicholas-roerich_wisdom-of-manu-1916.jpg,79179,1
Post_Impressionism/henri-martin_garden-of-luxembourg-1931.jpg,51069,1
Expressionism/max-beckmann_not-detected-259776.jpg,21752,1
Romanticism/taras-shevchenko_at-the-pub-1856.jpg,74624,0
Romanticism/john-crome_moonrise-on-the-yare-1816.jpg,72663,1
Realism/gustave-courbet_study-for-les-demoiselles-des-bords-de-la-seine-1856.jpg,58331,0
Romanticism/vasily-polenov_old-gates-normandy-1874.jpg,74991,1
Northern_Renaissance/hans-holbein-the-younger_portrait-of-a-lady-thought-to-be-anne-boleyn.jpg,45889,0
Cubism/alfred-manessier_les-p-lerins-d-emmaus-1944.jpg,13708,0
Realism/ilya-repin_ada-girl-1882.jpg,58829,0
Realism/claude-monet_the-chapel-notre-dame-de-grace-at-honfleur.jpg,57350,1
Naive_Art_Primitivism/maria-primachenko_a-cow-like-that-gives-5-000-liters-a-day-1978.jpg,43655,0
Art_Nouveau_Modern/wilhelm-kotarbinski_cleopatra.jpg,7139,0
Romanticism/francisco-goya_the-last-communion-of-st-joseph-calasanz-1819.jpg,70260,0
Expressionism/laszlo-mednyanszky_soldiers-1918.jpg,20656,1
Romanticism/eugene-delacroix_sketch-for-the-death-of-sardanapalus-1827(1).jpg,69754,0
Symbolism/nicholas-roerich_star-of-mother-of-the-world-1924.jpg,78945,1
Symbolism/franz-stuck_battle-for-a-woman-1905.jpg,76006,0
Impressionism/mary-cassatt_young-girls-1897.jpg,35257,0
Impressionism/nikolay-bogdanov-belsky_country-children-1.jpg,35724,0
Symbolism/pablo-picasso_breakfast-of-a-blind-man-1903.jpg,79585,0
Impressionism/claude-monet_lilacs-in-the-sun.jpg,29479,1
Realism/robert-brackman_three-women-nude-and-with-pitcher.jpg,63312,0
Pop_Art/roy-lichtenstein_nude-at-vanity(1).jpg,49081,0
Romanticism/karl-bodmer_assiniboin-indians.jpg,73048,0
Art_Nouveau_Modern/a.y.-jackson_algoma-in-november-1935.jpg,2990,1
Realism/pierre-auguste-renoir_two-figures-in-a-landscape-1866.jpg,62961,1
Baroque/jacob-jordaens_portrait-of-an-old-man.jpg,9671,0
Baroque/rembrandt_view-of-amsterdam-1640.jpg,11441,1
Realism/ivan-shishkin_mountain-path-crimea-1879.jpg,60263,1
Realism/gustave-courbet_woman-with-gloves-1858.jpg,58435,0
Expressionism/pablo-picasso_two-nude-women-1906.jpg,22467,0
Pointillism/henri-martin_the-pergola-1920.jpg,47536,1
Impressionism/william-merritt-chase_good-friends.jpg,38968,1
Expressionism/august-macke_dealer-with-jugs.jpg,17918,0
Expressionism/zinaida-serebriakova_alexander-in-costume-1952.jpg,23822,0
Expressionism/salvador-dali_landscape-near-cadaques.jpg,23092,1
Impressionism/pierre-auguste-renoir_sailboats-at-argenteuil.jpg,37165,1
Rococo/louise-elisabeth-vigee-le-brun_baroness-anna-sergeevna-stroganova-and-her-son-sergey-1793.jpg,67827,0
Contemporary_Realism/jamie-wyeth_new-shoot-1973.jpg,13361,1
Rococo/john-russell_joshua-walker-1750-1815-of-clifton-house-1784.jpg,67567,0
Post_Impressionism/gustave-loiseau_the-red-painted-house.jpg,50701,1
Impressionism/claude-monet_charing-cross-bridge-1.jpg,29236,1
Cubism/rene-magritte_bathers-1921(1).jpg,15637,0
Pop_Art/hiro-yamagata_portrait-of-elizabeth-taylor.jpg,48417,0
Art_Nouveau_Modern/wilhelm-kotarbinski_delirium.jpg,7149,0
Expressionism/pierre-tal-coat_arlequin.jpg,22765,0
Post_Impressionism/david-burliuk_lilac-in-the-park.jpg,49804,1
Impressionism/nikolay-bogdanov-belsky_children.jpg,35718,0
Post_Impressionism/henri-matisse_the-path-in-the-bois-de-boulogne-1902.jpg,51230,1
Realism/vasily-perov_gogol-is-supported-by-the-figures-of-his-works-to-the-grave-1873.jpg,64103,0
Expressionism/pyotr-konchalovsky_portrait-of-dmitry-petrovich-konchalovsky-historian-brother-of-the-artist-1909.jpg,22819,0
Realism/gustave-courbet_dog-from-ornans-1856.jpg,58214,0
Impressionism/john-singer-sargent_the-garden-wall-1910.jpg,34258,0
Realism/martiros-saryan_spring-sun.jpg,62094,1
Art_Nouveau_Modern/michel-simonidy_alpes-maritimes-landscape-1928.jpg,5629,1
Impressionism/edgar-degas_bust-of-a-woman.jpg,30654,0
Art_Nouveau_Modern/jacek-malczewski_sunflowers.jpg,5114,1
Expressionism/rafael-zabaleta_bathers-on-the-beach-in-santander-1955.jpg,22879,0
Expressionism/oskar-kokoschka_not_detected_235846.jpg,22094,0
Impressionism/camille-pissarro_landscape-at-pontoise-1.jpg,27980,1
Realism/aleksey-savrasov_spring-day.jpg,55883,1
Symbolism/nicholas-roerich_boundary-of-sword-study-1933.jpg,78063,1
Impressionism/claude-monet_water-lily-pond-evening-right-panel-1926.jpg,30352,1
Impressionism/auguste-rodin_bellona.jpg,27368,0
Naive_Art_Primitivism/henri-rousseau_portrait-du-pere-del-artiste.jpg,42711,0
Post_Impressionism/samuel-mutzner_efect-de-nserare-pe-lac.jpg,54247,1
Expressionism/milton-avery_offshore-island-1958.jpg,21898,1
Realism/james-tissot_at-the-louvre.jpg,60628,0
Impressionism/mykola-pymonenko_at-the-well.jpg,35583,1
Impressionism/pierre-auguste-renoir_portrait-of-claude-monet-1875.jpg,37067,0
Northern_Renaissance/hans-holbein-the-younger_musicians-on-a-balcony.jpg,45881,0
Realism/isaac-levitan_draw-1899.jpg,59500,1
Post_Impressionism/maurice-prendergast_harbor-afternoon.jpg,52010,1
Art_Nouveau_Modern/boris-kustodiev_portrait-of-o-i-szymanowskaya-1920.jpg,3671,0
Pointillism/georges-lemmen_self-portrait-1890.jpg,47312,0
Symbolism/jacek-malczewski_landscape-with-tobiah.jpg,76525,1
Impressionism/william-merritt-chase_portrait-of-martha-walter.jpg,39056,0
Post_Impressionism/pablo-picasso_the-fortune-1901.jpg,52842,0
Symbolism/konstantin-bogaevsky_landscape-with-waterfall-and-bridge-1942.jpg,76849,1
Expressionism/martiros-saryan_fantastic-landscape-settlement-in-the-mountains-1972.jpg,21484,1
Northern_Renaissance/bernhard-strigel_hans-caspar-von-laubberg.jpg,45609,0
Realism/john-singer-sargent_a-street-in-venice.jpg,61189,0
Impressionism/guy-rose_carmel-beach.jpg,32651,1
Impressionism/irma-stern_an-african-woman-1954.jpg,33139,0
Expressionism/pablo-picasso_head-of-young-man-1906.jpg,22347,0
Impressionism/childe-hassam_pomona.jpg,28917,0
Romanticism/adolphe-joseph-thomas-monticelli_gathering-of-elegant-women.jpg,68527,1
Early_Renaissance/piero-della-francesca_st-sigismund-and-sigismondo-pandolfo-malatesta-1451(1).jpg,17070,0
Baroque/rembrandt_the-toilet-of-bathsheba-1643.jpg,11406,0
Symbolism/nicholas-roerich_night-rider-1918-2.jpg,78714,1
Realism/vincent-van-gogh_the-public-soup-kitchen-1883.jpg,65781,0
Realism/ivan-shishkin_deciduous-forest.jpg,60054,1
Post_Impressionism/paul-cezanne_chestnut-trees-at-the-jas-de-bouffan-1887.jpg,52951,1
Impressionism/nikolay-bogdanov-belsky_on-a-visit.jpg,35761,0
Fauvism/viorel-marginean_spring-1986.jpg,24880,1
Ukiyo_e/katsushika-hokusai_fujiwara-no-ason-michinobu.jpg,80472,1
Impressionism/asgrimur-jonsson_thj-rs-river-mt-hekla-in-the-evening-sun-1918.jpg,27350,1
Impressionism/mary-cassatt_young-girl-holding-a-loose-bouquet.jpg,35253,0
Impressionism/arthur-verona_gipsy-tent.jpg,27324,0
Symbolism/nicholas-roerich_vyas-kund-1932.jpg,79153,1
Post_Impressionism/paul-cezanne_the-aqueduct-and-lock.jpg,53174,1
Baroque/rembrandt_christ-returning-from-the-temple-with-his-parents-1654.jpg,10849,0
Symbolism/nicholas-roerich_nanda-devi-1941.jpg,78708,1
Impressionism/nikolay-bogdanov-belsky_the-latern.jpg,35792,0
Realism/vasily-perov_drowned-1867.jpg,64088,0
Realism/isaac-levitan_autumn-landscape-2.jpg,59437,1
Impressionism/alfred-sisley_route-to-marly-le-roi-in-snow.jpg,26648,1
Post_Impressionism/jean-hugo_la-conversation-au-puits-1934.jpg,51557,1
Naive_Art_Primitivism/fernando-botero_excursion-to-the-ecumenical-cioncile.jpg,42425,1
Pointillism/theo-van-rysselberghe_the-promenade-1901.jpg,47741,0
Realism/ilya-repin_portrait-of-the-author-alexey-pisemsky-1880.jpg,59158,0
Romanticism/ivan-aivazovsky_the-mountain-ararat-1885.jpg,71970,1
Cubism/pyotr-konchalovsky_near-siena-1912.jpg,15547,1
Symbolism/konstantin-bogaevsky_morning-1910.jpg,76855,1
Rococo/antoine-pesne_jakob-von-keith.jpg,66491,0
Post_Impressionism/david-burliuk_landscape-2.jpg,49796,1
Realism/mykola-yaroshenko_portrait-of-alexander-gerd.jpg,62304,0
Realism/aleksey-savrasov_view-of-moscow-from-sparrow-hills.jpg,55942,1
Realism/vasily-surikov_healing-the-man-born-blind-by-jesus-christ-1888.jpg,64549,0
Realism/ilya-repin_cavalcade-in-abramtzevo-1879.jpg,58859,0
Impressionism/arkhip-kuindzhi_clouds.jpg,27166,1
Realism/vincent-van-gogh_head-of-a-peasant-woman-with-white-cap-1885-5(1).jpg,65289,0
Realism/vincent-van-gogh_old-man-reading-1882.jpg,65416,0
Mannerism_Late_Renaissance/parmigianino_portrait-of-a-gentleman-wearing-a-beret.jpg,40207,0
Romanticism/john-constable_study-of-tree-trunks.jpg,72603,1
Mannerism_Late_Renaissance/hans-von-aachen_couple-with-a-mirror-1596.jpg,39784,0
Post_Impressionism/theo-van-rysselberghe_noon-landscape.jpg,54388,1
Realism/james-tissot_the-signs-on-the-door.jpg,60827,0
Art_Nouveau_Modern/nicholas-roerich_sketches-of-costumes-for-sister-beatrice-1914.jpg,6091,0
Post_Impressionism/ferdinand-hodler_a-view-of-lake-brienz-from-bodeli.jpg,50247,1
Symbolism/nicholas-roerich_kulu-valley-1929.jpg,78490,1
Expressionism/amedeo-modigliani_hanka-zborowska-1919.jpg,17496,0
Realism/vasily-vereshchagin_kazbek-1898.jpg,64884,1
Romanticism/paul-cezanne_the-artist-s-mother-1867.jpg,74124,0
Expressionism/georges-rouault_dors-mon-amour-sleep-my-love-1935.jpg,19703,0
Post_Impressionism/vincent-van-gogh_harvest-landscape-1888(1).jpg,54779,1
Impressionism/claude-monet_poplars-on-the-epte.jpg,29608,1
Impressionism/claude-monet_poppy-field-in-giverny-02.jpg,29617,1
Post_Impressionism/pablo-picasso_toilette-1906-1.jpg,52851,0
Baroque/agostino-carracci_self-portrait-of-agostino-carracci.jpg,7575,0
Post_Impressionism/henri-matisse_nude-3.jpg,51178,0
Art_Nouveau_Modern/kay-nielsen_the-wolf-is-waiting.jpg,5242,0
Expressionism/zinaida-serebriakova_dancer-1924.jpg,23852,0
Realism/pyotr-konchalovsky_katya-on-the-lap-a-nurse-1932.jpg,63057,0
Romanticism/orest-kiprensky_male-portrait-1826.jpg,73853,0
Symbolism/pierre-puvis-de-chavannes_the-poor-fisherman-1.jpg,79666,0
Post_Impressionism/jacques-villon_little-girl-on-a-red-staircase-1900.jpg,51521,0
Romanticism/caspar-david-friedrich_landscape-with-the-rosenberg-in-bohemian-switzerland.jpg,69006,1
Impressionism/abdullah-suriosubroto_indonesian-landscape-7.jpg,26307,1
Art_Nouveau_Modern/heorhiy-narbut_sheet-z-from-the-album-ukrainian-alphabet-1917.jpg,4755,1
Baroque/frans-hals_portrait-of-a-man-holding-gloves.jpg,8942,0
Rococo/maurice-quentin-de-la-tour_portrait-of-unknown-man.jpg,67982,0
Abstract_Expressionism/richard-diebenkorn_miller-22.jpg,1935,1
Realism/ivan-shishkin_stream-by-a-forest-slope-1880.jpg,60390,1
Realism/basuki-abdullah_bidadari-mandi.jpg,56309,1
Rococo/pietro-longhi_the-fortune-teller.jpg,68079,0
Realism/gustave-courbet_the-garden-of-the-loos-les-lille-abbacy-1851.jpg,58360,1
Symbolism/odilon-redon_the-gambler-1879.jpg,79514,1
Impressionism/isaac-levitan_autumn-forest-1886.jpg,33150,1
Northern_Renaissance/albrecht-altdorfer_crusade.jpg,44708,0
Impressionism/cornelis-vreedenburgh_farm-along-the-canal.jpg,30517,1
Expressionism/henri-matisse_olga-merson-1910.jpg,19879,0
Romanticism/john-hoppner_portrait-of-harriet-brouncker-of-boveridge-dorset.jpg,72769,0
Impressionism/asgrimur-jonsson_thj-rs-river-mt-hekla-in-the-evening-sun-1918.jpg,27350,1
Post_Impressionism/david-burliuk_forest-pathway.jpg,49782,1
Realism/pyotr-konchalovsky_cottages.jpg,63022,1
Early_Renaissance/benozzo-gozzoli_vision-of-st-dominic-and-meeting-of-st-francis-and-st-dominic.jpg,16227,0
Impressionism/edouard-manet_a-young-girl-1880.jpg,31193,0
Naive_Art_Primitivism/fernando-botero_the-sisters.jpg,42542,0
Post_Impressionism/maurice-prendergast_bathers-3.jpg,51942,1
Post_Impressionism/felix-vallotton_the-coal-scuttles-1889.jpg,50235,1
Art_Nouveau_Modern/anna-ostroumova-lebedeva_moonlit-night-landscape-1923.jpg,3276,1
Romanticism/gustave-dore_the-heavenly-bands-down-from-a-sky-of-jasper-lighted-now-in-paradise.jpg,71242,1
Art_Nouveau_Modern/nicholas-roerich_human-ancestors-study.jpg,5874,1
Impressionism/micaela-eleutheriade_cules-de-vie.jpg,35536,0
Impressionism/john-singer-sargent_artist-in-the-simplon.jpg,34033,0
Expressionism/egon-schiele_hindering-the-artist-is-a-crime-it-is-murdering-life-in-the-bud-1912.jpg,18708,0
Expressionism/burhan-dogancay_nude-1951.jpg,18132,0
Romanticism/franz-xaver-winterhalter_elisabeth-kaiserin-von-sterreich.jpg,70391,0
Impressionism/winston-churchill_the-harbour-at-st-jean-cap-ferrat-1921(1).jpg,39289,1
Romanticism/konstantin-makovsky_portrait-13.jpg,73441,0
Impressionism/claude-monet_sandviken-norway.jpg,29733,1
Impressionism/pierre-auguste-renoir_the-hatpin-1898.jpg,37388,0
Expressionism/george-bouzianis_kefali-ths-gunaikas-tou-zwgrafou-1917.jpg,19498,0
Art_Nouveau_Modern/carl-larsson_anna-pettersson(1).jpg,3760,0
Rococo/william-hogarth_william-jones-1740.jpg,68513,0
Post_Impressionism/lajos-tihanyi_landscape-1912.jpg,51681,1
Post_Impressionism/grace-cossington-smith_figure-through-flowers-1935.jpg,50435,0
Art_Nouveau_Modern/koloman-moser_landscape-with-tree-1896.jpg,5335,1
Romanticism/jean-leon-gerome_summer-afternoon-on-a-lake.jpg,72345,1
Fauvism/pyotr-konchalovsky_spanish-boy-1910.jpg,24790,0
Pop_Art/marjorie-strider_girl-with-pearl-2010.jpg,48593,0
Baroque/rembrandt_cupid-blowing-soap-bubbles-1634.jpg,10854,0
Expressionism/tivadar-kosztka-csontvary_view-of-selemecb-nya-1902.jpg,23426,1
Realism/john-singer-sargent_portrait-of-mademoiselle-suzanne-poirson-1884.jpg,61534,0
Impressionism/francis-picabia_barges-on-the-loing-morning-effect.jpg,31966,1
Impressionism/kazimir-malevich_river-in-forest-1908.jpg,34435,1
Ukiyo_e/utagawa-kuniyoshi_miyamoto-musashi-killing-a-giant.jpg,81157,0
Romanticism/viktor-vasnetsov_mounted-knights-1896.jpg,75157,0
Pointillism/paul-signac_woman-at-her-toilette-wearing-a-purple-corset-1893.jpg,47649,0
Ukiyo_e/tsukioka-yoshitoshi_the-appearance-of-a-brothel-geisha-of-the-koka-era.jpg,80947,0
Impressionism/pierre-auguste-renoir_madame-henriot.jpg,36889,0
Art_Nouveau_Modern/jacek-malczewski_the-tribute-money-triptych-left.jpg,5121,0
Realism/nikolai-ge_sophia-tolstaya.jpg,62574,0
Fauvism/janos-mattis-teutsch_houses-with-trees-1910.jpg,24424,1
Contemporary_Realism/john-miller_calangute-beach.jpg,13453,1
Romanticism/george-stubbs_spanish-pointer.jpg,70611,1
Post_Impressionism/paul-cezanne_man-with-crossed-arms.jpg,53038,0
Symbolism/nicholas-roerich_mother-of-genghis-khan-1933.jpg,78681,1
Expressionism/natalia-goncharova_landscape-at-ladyzhino.jpg,21959,1
Impressionism/camille-pissarro_festival-at-the-hermitage-1876.jpg,27887,1
Realism/james-tissot_caricature-of-john-pender.jpg,60655,0
Realism/ilya-repin_demonstration-on-october-17-1905-sketch-1906.jpg,58877,0
Romanticism/lev-lagorio_transportation-of-ice-1849.jpg,73628,1
Impressionism/robert-julian-onderdonk_road-to-the-hills-1918.jpg,37905,1
Realism/vincent-van-gogh_cemetery-1883(1).jpg,65136,1
Pointillism/theo-van-rysselberghe_east-wind-1904.jpg,47683,1
Realism/ivan-shishkin_por-threshold-1889.jpg,60354,1
Ukiyo_e/utagawa-kunisada_not_detected_240353.jpg,81015,0
Impressionism/lovis-corinth_the-walchensee-in-winter-1923.jpg,34889,1
Post_Impressionism/gustave-loiseau_small-arm-of-the-seine-near-connelle-1921.jpg,50668,1
Mannerism_Late_Renaissance/agnolo-bronzino_the-ailing-eleonora-da-toledo-1556.jpg,39432,0
Art_Nouveau_Modern/aubrey-beardsley_self-portait-1.jpg,3473,0
Rococo/allan-ramsay_portrait-of-william-colyear-viscount-milsington.jpg,66460,0
Post_Impressionism/pyotr-konchalovsky_autumn-landscape-1923.jpg,53705,1
Impressionism/piet-mondrian_windmill-in-the-gein-1907.jpg,37756,1
Impressionism/edgar-degas_ballet-scene-from-robert-la-diable-1872.jpg,30632,0
Realism/johan-hendrik-weissenbruch_a-farmhouse-in-a-polder.jpg,61007,1
Realism/henri-fantin-latour_charlotte-dubourg-1882.jpg,58502,0
Impressionism/gustave-caillebotte_petit-gennevilliers-facade-southeast-of-the-artist-s-studio-overlooking-the-garden-spring.jpg,32519,1
Realism/camille-pissarro_landscape-with-factory-1867.jpg,57185,1
Impressionism/claude-monet_pathway-in-monet-s-garden-at-giverny.jpg,29590,1
Realism/fyodor-vasilyev_village.jpg,57956,1
Baroque/jacques-stella_sainte-cecile-playing-the-organ.jpg,9760,0
Symbolism/nicholas-roerich_mountain-lake-1917.jpg,78692,1
Impressionism/john-henry-twachtman_the-white-bridge-1.jpg,33932,1
Impressionism/santiago-rusinol_portrait-of-ramon-casas.jpg,38102,0
Pointillism/henri-edmond-cross_coastal-landscape.jpg,47430,1
Expressionism/neil-welliver_couple-with-leslie.jpg,21982,0
Romanticism/albert-bierstadt_the-ambush-1876.jpg,68597,1
Romanticism/dante-gabriel-rossetti_the-lady-of-pity-la-donna-della-finestra-1870.jpg,69345,0
Impressionism/stefan-luchian_at-nami-wood-cutter.jpg,38158,0
Ukiyo_e/joan-ponc_m-han-pres-la-cartera-poema-de-joan-brossa-1951.jpg,80407,1
Realism/salvador-dali_sheep.jpg,63369,0
Realism/mykola-yaroshenko_girl-student-1883.jpg,62296,0
Post_Impressionism/vincent-van-gogh_almond-tree-in-blossom-1888(1).jpg,54586,1
Realism/aleksey-savrasov_at-the-well-1868.jpg,55736,1
Expressionism/sa-nogueira_figure.jpg,23044,0
Impressionism/pierre-auguste-renoir_landscape-with-mimosas-1912.jpg,36844,1
Impressionism/matej-sternen_ena-fotke.jpg,35269,0
Impressionism/claude-monet_landscape-with-thunderstorm-1.jpg,29467,1
Post_Impressionism/constantine-maleas_church-with-trees-1920.jpg,49703,1
Realism/nicholas-roerich_vilno-ruins-of-castle-1903.jpg,62457,1
Symbolism/felicien-rops_not-detected-282445.jpg,75807,0
Art_Nouveau_Modern/carl-larsson_detail-of-christmas-eve-1906(1).jpg,3781,0
Impressionism/max-liebermann_bethmann-hollweg.jpg,35398,0
Realism/vincent-van-gogh_garden-in-the-snow-1885(1).jpg,65224,1
Impressionism/alfred-sisley_the-bourgogne-lock-at-moret-spring-1882.jpg,26719,1
Post_Impressionism/gustave-loiseau_houses-in-normandy-1913.jpg,50575,1
Symbolism/jozsef-rippl-ronai_a-park-at-night-1895(1).jpg,76743,1
Romanticism/eugene-delacroix_study-of-a-man-in-costume(1).jpg,69761,0
Symbolism/nicholas-roerich_himalayas-1938-5.jpg,78271,1
Fauvism/pyotr-konchalovsky_portrait-of-the-painter-g-b-yakulov-1910.jpg,24780,0
Expressionism/nikolaos-lytras_landscape-mountain-ymmitos.jpg,22033,1
Realism/winslow-homer_storm-bahamas.jpg,66374,1
Romanticism/francisco-goya_dona-narcisa-baranana-de-goicoechea.jpg,70051,0
Impressionism/robert-julian-onderdonk_landscape-3.jpg,37865,1
Realism/camille-corot_by-the-sea.jpg,56787,1
Symbolism/nicholas-roerich_world-s-treasure-1924.jpg,79180,1
Expressionism/amedeo-modigliani_girl-with-pigtails-1918.jpg,17494,0
Naive_Art_Primitivism/marc-chagall_spring-1938.jpg,43453,0
Realism/aleksey-savrasov_early-spring-3.jpg,55773,1
Realism/maxime-lalanne_ruins-of-the-gallien-palace.jpg,62165,1
Abstract_Expressionism/theodoros-stamos_coney-island-1945.jpg,2520,1
Symbolism/nicholas-roerich_procopius-the-righteous-is-praying-of-unknown-navigating-1914.jpg,78774,1
Romanticism/orest-kiprensky_portrait-of-ivan-dmitrevsky-1814.jpg,73943,0
Impressionism/robert-julian-onderdonk_landscape-2.jpg,37864,1
Realism/boris-kustodiev_visit-to-general-1905.jpg,56738,0
Baroque/gabriel-metsu_woman-playing-a-viola-de-gamba.jpg,9134,0
Romanticism/edwin-henry-landseer_deer-and-deer-hounds-in-a-mountain-torrent.jpg,69605,0
Expressionism/pablo-picasso_angel-fernandez-de-soto-with-woman.jpg,22294,0
Romanticism/caspar-david-friedrich_riesengebirge.jpg,69036,1
Post_Impressionism/georges-seurat_boy-with-horse-1883.jpg,50366,1
New_Realism/george-luks_st-botolph-street-1922.jpg,44535,0
Post_Impressionism/pierre-bonnard_the-terraces-1941.jpg,53634,1
Symbolism/salvador-dali_stultae-et-prudentes-filiae-sirach-7-26-1967.jpg,79790,0
Impressionism/pierre-auguste-renoir_young-woman-in-white-reading.jpg,37699,0
Post_Impressionism/salvador-dali_cadaques.jpg,54186,1
Naive_Art_Primitivism/niko-pirosmani_donkey-bridge.jpg,43915,1
Contemporary_Realism/konstantin-vasilyev_portrait-of-a-sister-with-shepherd-dog.jpg,13514,0
Impressionism/childe-hassam_evening-champs-elysees-aka-pres-du-louvre.jpg,28715,0
Expressionism/martiros-saryan_in-front-of-the-mirror-lusik-1939.jpg,21534,0
Northern_Renaissance/albrecht-durer_christ-before-pilate-1.jpg,44872,0
Naive_Art_Primitivism/kateryna-bilokur_on-the-cliff-1950.jpg,42911,1
Realism/ilya-repin_sketch-for-the-painting-ceremonial-meeting-of-the-state-council-on-may-7-1901-1903-1.jpg,59265,0
Realism/vincent-van-gogh_peasant-with-sickle-seen-from-the-back-1885-5.jpg,65495,0
Expressionism/august-macke_paul-klee.jpg,17938,0
Romanticism/taras-shevchenko_aulia-tau-1851.jpg,74625,1
Rococo/vladimir-borovikovsky_portrait-of-grand-duchess-alexandra.jpg,68358,0
Impressionism/dimitrie-paciurea_chimera.jpg,30560,0
Impressionism/victor-borisov-musatov_poppies-in-the-garden-1894.jpg,38635,1
Realism/isaac-levitan_abramtsevo.jpg,59398,1
Impressionism/camille-pissarro_landscape-fields-eragny-1885.jpg,27987,1
Romanticism/vasily-tropinin_not_detected_241133.jpg,75026,1
Impressionism/asgrimur-jonsson_thj-rs-river-mt-hekla-in-the-evening-sun-1918.jpg,27350,1
Realism/ivan-shishkin_oaks-in-old-peterhof-1891.jpg,60290,1
Impressionism/petre-abrudan_andscape-from-baia-mare-with-buffalos.jpg,36287,1
Pointillism/henri-martin_the-church-of-dalbade-in-toulouse.jpg,47531,1
Baroque/aleksey-antropov_an-icon-from-the-iconostasis-of-the-st-andrew-s-church-in-kiev-1754.jpg,7592,0
Realism/vasily-surikov_portrait-of-e-a-surikova-1.jpg,64602,0
Post_Impressionism/periklis-vyzantios_landscape-delphi-1942.jpg,53488,1
Impressionism/guy-rose_the-distant-town-1910.jpg,32741,1
Impressionism/alfred-sisley_snow-on-the-road-louveciennes-chemin-de-la-machine-1874.jpg,26684,1
Realism/camille-pissarro_landscape-varenne-saint-hilaire.jpg,57184,1
Northern_Renaissance/hans-memling_st-ursula-and-her-companions-landing-at-cologne-from-the-reliquary-of-st-ursula-1489.jpg,46073,0
Expressionism/ivan-milev_the-maglizh-monastery-1924.jpg,20217,1
Romanticism/konstantin-makovsky_portrait-of-the-artist-ivan-aivazovsky.jpg,73498,0
Art_Nouveau_Modern/ivan-bilibin_illustration-for-the-poem-ruslan-and-lyudmila-by-alexander-pushkin-1917(1).jpg,4873,0
Impressionism/pierre-auguste-renoir_the-seine-at-asnieres-the-skiff-1879.jpg,37440,0
Naive_Art_Primitivism/niko-pirosmani_roe-deer-at-a-spring.jpg,43987,0
Art_Nouveau_Modern/wilhelm-kotarbinski_evening-peace.jpg,7157,0
Impressionism/santiago-rusinol_figure-study.jpg,38087,0
Pointillism/theo-van-rysselberghe_portrait-of-helene-and-michette-guinotte-1901.jpg,47714,0
Realism/ivan-shishkin_twilight-after-sunset-1874.jpg,60448,1
Impressionism/theo-van-rysselberghe_seated-nude-1905.jpg,38376,0
Art_Nouveau_Modern/a.y.-jackson_north-shore-lake-superior-1926.jpg,2998,1
Art_Nouveau_Modern/edmund-dulac_the-angel-of-the-drink-of-darkness-the-rubaiyat-of-omar-khayyam.jpg,3950,0
Impressionism/camille-pissarro_afternoon-in-eragny-grey-weather-1900.jpg,27781,1
Romanticism/richard-parkes-bonington_landscape-near-quilleboeuf.jpg,74310,1
Contemporary_Realism/jamie-wyeth_the-pickup-2008.jpg,13398,0
Impressionism/childe-hassam_boston-common-1891.jpg,28633,0
Impressionism/john-henry-twachtman_azaleas-1899.jpg,33773,1
Romanticism/fyodor-solntsev_silk-robe-of-tsar-ivan-vasilyevich-iv.jpg,70501,0
Romanticism/camille-corot_la-zingara.jpg,68913,0
Post_Impressionism/ion-tuculescu_landscape-from-paros-island-1939.jpg,51394,1
Symbolism/nicholas-roerich_white-cloud-1922.jpg,79172,1
Symbolism/nicholas-roerich_karelian-study-1918-1.jpg,78471,1
Realism/vincent-van-gogh_stooping-woman-in-landscape-1883.jpg,65739,1
Realism/ilya-repin_vera-shevtsova.jpg,59322,0
Post_Impressionism/vincent-van-gogh_sheet-with-sketches-of-diggers-and-other-figures-1890.jpg,55139,0
Northern_Renaissance/albrecht-durer_portrait-of-a-venetian-1505.jpg,45201,0
Expressionism/george-mavroides_he-strange-light-1984.jpg,19569,0
Realism/ilya-repin_portrait-of-a-gallen-kallela-1920.jpg,58991,0
Fauvism/jean-metzinger_nu-nude-1906.jpg,24464,0
Romanticism/ferdinand-georg-waldmã¼ller_der-wolfgangsee-1835.jpg,69821,1
Realism/vincent-van-gogh_portrait-of-a-woman-head-of-a-peasant-woman-with-bonnet.jpg,65600,0
Impressionism/childe-hassam_spring-woods.jpg,28975,1
Fauvism/joan-miro_portrait-of-hiberto-casany-the-chauffeur.jpg,24473,0
Rococo/pietro-longhi_the-letter.jpg,68088,0
Impressionism/edgar-degas_dancer-arranging-her-hair.jpg,30680,0
Impressionism/claude-monet_on-the-cliff-at-fecamp.jpg,29554,1
Impressionism/claude-monet_the-church-at-varengaville-grey-weather.jpg,29861,1
Symbolism/nicholas-roerich_himalayas-1947.jpg,78302,1
Post_Impressionism/amrita-sher-gil_bride-s-toilet-1937.jpg,49375,0
Rococo/maurice-quentin-de-la-tour_antoine-gaspard-grimold-de-la-reyniere-1.jpg,67899,0
Art_Nouveau_Modern/carl-larsson_sunday-rest-1900(1).jpg,3836,0
Impressionism/pierre-auguste-renoir_the-laundress-1.jpg,37397,1
High_Renaissance/titian_portrait-d-isabella-d-este-1536.jpg,26168,0
Realism/isaac-levitan_autumn-1885-1.jpg,59425,1
Realism/n.c.-wyeth_treasure-island-scribner.jpg,62351,0
Impressionism/childe-hassam_outskirts-of-east-gloucester.jpg,28902,1
Post_Impressionism/viorel-marginean_peacock-3.jpg,55565,1
Expressionism/max-beckmann_galleria-umberto-1925.jpg,21742,0
Impressionism/gustave-caillebotte_harvest-landscape-with-five-haystacks.jpg,32478,1
Impressionism/berthe-morisot_the-piano.jpg,27674,0
Symbolism/mikhail-vrubel_karibeevich.jpg,77808,0
Expressionism/jean-paul-lemieux_julie-et-l-univers.jpg,20343,0
Naive_Art_Primitivism/ivan-generalic_cows-in-a-landscape-1957.jpg,42815,1
Baroque/rembrandt_a-man-with-a-large-beard-and-a-low-fur-cap-1631.jpg,10706,0
Ukiyo_e/keisai-eisen_omiya-pl-5-from-a-facsimile-edition-of-sixty-nine-stations-of-the-kiso-highway(1).jpg,80715,1
Post_Impressionism/pyotr-konchalovsky_oak-tree-1921.jpg,53880,1
Realism/pyotr-konchalovsky_swimming-in-the-afternoon-the-sun-1923.jpg,63241,1
Cubism/carlos-saenz-de-tejada_figurine-for-ravel-s-bolero-antonia-merce-la-argentina-1930.jpg,13942,0
Art_Nouveau_Modern/leon-bakst_ballet-music-introduction-humphrey-searle.jpg,5513,0
Expressionism/ion-pacea_marina-2.jpg,20096,1
Art_Nouveau_Modern/edmund-dulac_psyche-and-cerberus.jpg,3943,0
Romanticism/paul-cezanne_portrait-of-uncle-dominique-1866.jpg,74098,0
New_Realism/john-french-sloan_spanish-girl-fur-hat-red-coat-1909.jpg,44612,0
Post_Impressionism/henri-de-toulouse-lautrec_woman-putting-on-her-stocking.jpg,51015,0
Abstract_Expressionism/arthur-pinajian_untitled-landscape-bellport-no-1042-1991.jpg,103,1
Impressionism/valentin-serov_the-white-sea-1894.jpg,38567,1
Art_Nouveau_Modern/kay-nielsen_on-the-way-to-the-dance.jpg,5223,0
Expressionism/jury-annenkov_portrait-of-poet-boris-pasternak-1921.jpg,20537,0
Impressionism/pierre-auguste-renoir_midday-landscape-1.jpg,36930,1
Impressionism/edgar-degas_jockeys-1.jpg,30808,0
Realism/vasily-polenov_park-in-olshanka-1877.jpg,64360,1
Expressionism/mark-rothko_not_detected_242140.jpg,21395,0
Ukiyo_e/katsushika-hokusai_hodogaya-on-the-tokaido.jpg,80482,1
Impressionism/vasile-popescu_houses-in-prahova-valley-1942.jpg,38587,1
Post_Impressionism/vincent-van-gogh_harvest-in-provence-at-the-left-montmajour-1888(1).jpg,54778,1
Expressionism/candido-portinari_s-o-francisco-de-assis-1941.jpg,18165,0
Symbolism/albert-bloch_the-blue-bough-1952.jpg,75563,1
Impressionism/william-merritt-chase_prospect-park-brooklyn-02.jpg,39077,1
Impressionism/winston-churchill_loch-scene-on-the-duke-of-sutherland-s-estate(1).jpg,39258,1
Art_Nouveau_Modern/wilhelm-kotarbinski_delirium.jpg,7149,0
Impressionism/eugene-boudin_local-pilgrimmage-at-landerneau-1867.jpg,31619,1
Post_Impressionism/vincent-van-gogh_pink-peach-trees-1888.jpg,54992,1
Baroque/gerrit-dou_still-life-with-a-boy-blowing-soap-bubbles-1636.jpg,9228,0
Romanticism/karl-bodmer_offering-of-the-mandan-indians-plate-14-from-volume-1-of-travels-in-the-interior-of-north-1843.jpg,73096,1
Art_Nouveau_Modern/raphael-kirchner_unknown-1916-2.jpg,6835,0
Fauvism/pyotr-konchalovsky_self-portrait-in-gray-1911.jpg,24787,0
Impressionism/auguste-rodin_camille-claudel.jpg,27377,0
Post_Impressionism/felix-vallotton_portrait-of-verlaine-1902.jpg,50229,0
Baroque/frans-hals_the-company-of-captain-reinier-reael-and-lieutenant-cornelis-michielsz-blaeuw-known-as-the-1637-1.jpg,9008,0
Impressionism/john-singer-sargent_nice.jpg,34164,1
Cubism/louis-schanker_study-in-green-and-black-1939.jpg,14785,0
Impressionism/camille-pissarro_the-effect-of-snow-at-montfoucault-1891.jpg,28303,1
Baroque/rembrandt_the-bull-1650.jpg,11304,1
High_Renaissance/raphael_the-parnassus-detail-of-homer-dante-and-virgil-in-the-stanze-della-segnatura-1511.jpg,26083,0
Realism/ivan-shishkin_forest-stream-1896.jpg,60164,1
Impressionism/james-tissot_hush-the-concert.jpg,33335,0
Post_Impressionism/maxime-maufra_powdery-sunshine-1900.jpg,52394,1
Impressionism/pierre-auguste-renoir_view-of-cannet.jpg,37528,1
Realism/constant-troyon_figures-in-a-farmyard.jpg,57379,1
Impressionism/mihaly-munkacsy_dusty-country-road-ii-1883.jpg,35559,1
Realism/james-tissot_marguerite-in-church.jpg,60707,0
Impressionism/gustave-caillebotte_view-of-the-seine-in-the-direction-of-the-pont-de-bezons.jpg,32619,1
Realism/martiros-saryan_lake-in-the-mountains-1962.jpg,62050,1
Realism/vasily-vereshchagin_corner-of-the-turkish-redoubt-captured-on-may-30-but-abandoned-on-may-31-1877.jpg,64834,1
Impressionism/giuseppe-de-nittis_snow-effect.jpg,32349,0
Impressionism/pierre-auguste-renoir_gabrielle-wearing-a-necklace-1906.jpg,36643,0
Impressionism/john-singer-sargent_fortress-roads-and-rocks.jpg,34101,1
Expressionism/martiros-saryan_in-armenia-1923.jpg,21533,1
Symbolism/nicholas-roerich_linnasaari-ladoga-lake.jpg,78564,1
Post_Impressionism/constantine-maleas_lavrion-1920.jpg,49715,1
Expressionism/jacoba-van-heemskerck_twee-bomen-olieverf-op-doek-1910.jpg,20257,1
Impressionism/alfred-sisley_footbridge-over-the-railroad-at-sevres.jpg,26539,1
Naive_Art_Primitivism/marc-chagall_he-went-up-to-the-couch-1938.jpg,43175,0
Symbolism/nicholas-roerich_karelia.jpg,78463,1
Pop_Art/richard-hamilton_four-self-portraits-05-3-81-1990.jpg,48918,0
